{"is_source_file": false, "format": "", "description": "", "external_files": [], "external_methods": [], "published": [], "classes": [], "methods": [], "calls": [], "search-terms": [], "state": 2, "file_id": 3, "knowledge_revision": 10, "git_revision": "96cd0e8a32fb3e5e491ae61465314e9572ca5cf8", "hash": "0c9f36dfd1a6dee9fa952c06ab7d9563", "format-version": 4, "code-base-name": "resident_db", "filename": "resident_db/db_visualizer/package.json", "revision_history": [{"10": "96cd0e8a32fb3e5e491ae61465314e9572ca5cf8"}]}