{"is_source_file": true, "format": "bash", "description": "A shell script to detect and restore databases from backup files. Supports SQLite, PostgreSQL, MySQL, and MongoDB, automating the detection of backup type and database system.", "external_files": ["database_backup.db", "database_backup.sql", "database_backup.archive"], "external_methods": ["ls", "cp", "sudo", "psql", "mysqladmin", "mysql", "mongosh", "mongorestore"], "published": [], "classes": [], "methods": [], "calls": ["ls", "cp", "sudo", "psql", "mysqladmin", "mysql", "mongosh", "mongorestore"], "search-terms": ["restore_db.sh", "database_restore", "SQLite restore", "PostgreSQL restore", "MySQL restore", "MongoDB restore", "backup detection", "database restore script"], "state": 2, "file_id": 1, "knowledge_revision": 9, "git_revision": "96cd0e8a32fb3e5e491ae61465314e9572ca5cf8", "hash": "67505395c0df4c9c001ab8f47571f3fb", "format-version": 4, "code-base-name": "resident_db", "filename": "resident_db/restore_db.sh", "revision_history": [{"9": "96cd0e8a32fb3e5e491ae61465314e9572ca5cf8"}]}