{"is_source_file": true, "format": "HTML", "description": "This is an HTML file implementing the frontend UI for a database visualizer, including styles, layout, and JavaScript logic for fetching and displaying database, table, and data information.", "external_files": ["/api/databases", "/api/{db}/tables", "/api/{db}/tables/{tableName}/data?limit=50"], "external_methods": ["fetchData (fetch API calls to server endpoints)"], "published": [], "classes": [], "methods": [{"name": "loadDatabases", "description": "Fetches the list of databases from the server API and populates the sidebar."}, {"name": "refreshDatabases", "description": "Refreshes the database list, resets current selections, and updates UI."}, {"name": "toggleDatabase", "description": "Expands or collapses database entries to show/hide tables."}, {"name": "loadTables", "description": "Loads tables for a selected database and displays them."}, {"name": "loadTableData", "description": "Fetches and displays data for a selected table."}, {"name": "renderTable", "description": "Generates HTML table from JSON data and inserts into container."}, {"name": "renderCell", "description": "Creates table cell HTML based on value type, supports expansion for long or object data."}, {"name": "expandCell", "description": "Handles expanding/collapsing long or object cell content."}], "calls": ["fetchData('/api/databases')", "fetchData(`/api/${db}/tables`)", "fetchData(`/api/${db}/tables/${tableName}/data?limit=50`)"], "search-terms": ["HTML database viewer", "interactive database UI", "JS fetch API database", "dynamic table rendering", "expandable table cells"], "state": 2, "file_id": 4, "knowledge_revision": 11, "git_revision": "96cd0e8a32fb3e5e491ae61465314e9572ca5cf8", "hash": "ee63333a4841bf025439c755a74c9881", "format-version": 4, "code-base-name": "resident_db", "filename": "resident_db/db_visualizer/public/index.html", "revision_history": [{"11": "96cd0e8a32fb3e5e491ae61465314e9572ca5cf8"}]}