{"is_source_file": true, "format": "bash script", "description": "This is a shell script for initializing and starting a PostgreSQL database server with setup commands for creating a database, user, and permissions.", "external_files": ["/usr/lib/postgresql/", "pg_isready", "initdb", "postgres", "psql", "createdb"], "external_methods": ["ls", "sudo", "pgrep", "-f", "cat"], "published": [], "classes": [], "methods": [], "calls": ["ls", "sudo -u postgres pg_isready", "sudo -u postgres initdb", "sudo -u postgres postgres", "sudo -u postgres psql", "sudo -u postgres createdb", "psql -c", "cat"], "search-terms": ["startup.sh", "PostgreSQL", "initdb", "pg_isready", "start PostgreSQL", "database setup"], "state": 2, "file_id": 6, "knowledge_revision": 13, "git_revision": "96cd0e8a32fb3e5e491ae61465314e9572ca5cf8", "hash": "fa2aa67ea0a7c72f7c0958282f15a864", "format-version": 4, "code-base-name": "resident_db", "filename": "resident_db/startup.sh", "revision_history": [{"13": "96cd0e8a32fb3e5e491ae61465314e9572ca5cf8"}]}