{"is_source_file": true, "format": "bash/shell script", "description": "A comprehensive database backup script that detects and backs up SQLite, PostgreSQL, MySQL, and MongoDB databases based on runtime environment checks.", "external_files": ["/usr/lib/postgresql/", "/var/run/mysqld/mysqld.sock"], "external_methods": ["cp", "ls", "sudo -u postgres pg_isready", "pg_dump", "mysqladmin", "mysql", "mysqldump", "mongosh", "mongodump"], "published": [], "classes": [], "methods": [{"name": "main_backup_logic", "description": "Handles detection and backup of various databases based on environment checks."}], "calls": ["cp", "ls", "sudo -u postgres pg_isready", "pg_dump", "mysqladmin ping", "mysql -h localhost -P ${DB_PORT} -u ${DB_USER} -p${DB_PASSWORD} -e \"SELECT 1\"", "mysqldump -h localhost -P ${DB_PORT} -u ${DB_USER} -p${DB_PASSWORD} --databases ${DB_NAME} --add-drop-database --routines --triggers --single-transaction", "mysql -h localhost -P ${DB_PORT} -u root -p${DB_PASSWORD} -e \"SELECT 1\"", "sudo mysql --socket=/var/run/mysqld/mysqld.sock -u root -p${DB_PASSWORD} -e \"SELECT 1\"", "mongosh --port ${DB_PORT} --eval \"db.adminCommand('ping')\"", "mongodump --port ${DB_PORT} --db ${DB_NAME} --archive=database_backup.archive --quiet"], "search-terms": ["backup_db.sh", "database backup", "MySQL TCP check", "PostgreSQL version detection", "MongoDB backup script", "SQLite backup", "database detection"], "state": 2, "file_id": 5, "knowledge_revision": 14, "git_revision": "96cd0e8a32fb3e5e491ae61465314e9572ca5cf8", "hash": "7af9aa35fa4940f934d83f6e2621b732", "format-version": 4, "code-base-name": "resident_db", "filename": "resident_db/backup_db.sh", "revision_history": [{"14": "96cd0e8a32fb3e5e491ae61465314e9572ca5cf8"}]}